Name;Email;Phone Number;Last Payment;Next Payment;Payment Period
Juliana Solano-Ariño;leticiamorales@example.org;+34 +34 844  96;29/04/2023;28/04/2024;annually
Victorino Miranda Cabello;pjerez@example.com;+34 +34 878  00;05/03/2023;03/06/2023;quarterly
Isaías Huguet-Alvarado;calatayudambar@example.com;+34 +34 900  79;08/01/2023;08/01/2024;annually
Artemio de Moreno;lorenzacerro@example.org;+34 +34 920 518;15/09/2023;14/09/2024;annually
Roberta del Barral;eladio74@example.com;+34 +34  84 2 8;18/02/2023;18/02/2024;annually
Plácido Dávila Calderón;adrianaandrade@example.net;+34 +34 880 230;03/01/2023;03/01/2024;annually
Áurea Busquets Uría;elisabetexposito@example.org;+34 +34  97 189;04/02/2023;04/02/2024;annually
Loreto Sanjuan Fábregas;avilamohamed@example.com;+34 +34  84 5 5;03/06/2023;01/09/2023;quarterly
Clarisa Abella Tur;delgadotere@example.org;+34 +34 878  15;22/04/2023;21/07/2023;quarterly
Juan José Ordóñez;nhurtado@example.org;+34 +34 934  96;19/09/2023;18/12/2023;quarterly
Haydée de Cabo;elorzamaura@example.net;+34 +34 843  73;20/11/2023;19/11/2024;annually
Paz Coll Abascal;josuepallares@example.net;+34 +34  83 9 9;24/04/2023;23/04/2024;annually
Rómulo Tormo-Arce;talaveracandelario@example.com;+34 +34  87 470;12/03/2023;10/06/2023;quarterly
Javier Dalmau;pinabruno@example.org;+34 +34  71 7 3;03/06/2023;03/07/2023;monthly
Florina Sanmartín Guerrero;gaspar08@example.com;+34 +34  94 3 0;16/12/2023;15/01/2024;monthly
Victor Manuel Desiderio Pedrero Nicolás;afajardo@example.org;+34 +34  82 295;14/09/2023;13/09/2024;annually
Lino Busquets-Ponce;eulaliarebollo@example.net;+34 +34  88 6 8;29/09/2023;28/09/2024;annually
Urbano Molina Boix;concepcion82@example.com;+34 +34 872  28;31/05/2023;30/06/2023;monthly
Marcio Sastre Pineda;guardiolamauricio@example.com;+34 +34 974 922;01/09/2023;31/08/2024;annually
Sigfrido Delgado Ortuño;encarnacionhernando@example.net;+34 +34  84 785;24/06/2023;23/06/2024;annually
Mireia Riera Pintor;maritacaceres@example.net;+34 +34 748  20;05/02/2023;05/02/2024;annually
Jessica Vallejo Lozano;timoteosanjuan@example.com;+34 +34 901  13;22/03/2023;20/06/2023;quarterly
Olalla Iglesia Sanmartín;madrigalpaz@example.com;+34 +34 927 354;02/01/2023;01/02/2023;monthly
Jennifer Zorrilla Llano;lopediego@example.org;+34 +34  74 3 5;23/12/2023;22/12/2024;annually
Inés Taboada Cortés;ebeltran@example.com;+34 +34 863 157;10/04/2023;09/04/2024;annually
Arturo Pallarès Hierro;cirino93@example.net;+34 +34 945  13;06/05/2023;05/06/2023;monthly
Milagros Téllez-Nevado;federico58@example.com;+34 +34 841  69;04/08/2023;02/11/2023;quarterly
Loida Albero Llorens;tejeroprimitiva@example.org;+34 +34  97 838;02/07/2023;30/09/2023;quarterly
Maxi Leocadio Porta Rodriguez;ignaciagargallo@example.net;+34 +34  84 795;11/07/2023;10/07/2024;annually
Gaspar Miró-Arenas;boadaramona@example.com;+34 +34  86 392;20/06/2023;20/07/2023;monthly
Pascuala Morera;torrensmarisol@example.org;+34 +34 884  86;10/02/2023;12/03/2023;monthly
Alejo Cánovas Catalán;aaronduran@example.net;+34 +34 974  98;26/02/2023;27/05/2023;quarterly
Ariadna Rebollo-Sanmartín;conesanieves@example.com;+34 +34 849 922;05/04/2023;05/05/2023;monthly
Adolfo Villalba Uría;maria-del-carmen85@example.org;+34 +34  92 4 7;10/06/2023;09/06/2024;annually
Juan Manuel Acuña-Ángel;losacintia@example.com;+34 +34  92 1 0;16/01/2023;16/01/2024;annually
Joaquina Calvo Tejero;ycasanova@example.org;+34 +34 735 046;01/01/2023;31/01/2023;monthly
Tomasa Álamo Benito;griselda10@example.org;+34 +34  97 6 0;02/06/2023;02/07/2023;monthly
Esperanza Sancho Ferrero;pascualseverino@example.com;+34 +34 848  20;05/02/2023;06/05/2023;quarterly
Ariadna Mena Rocamora;zamoraeulalia@example.com;+34 +34 927  69;15/09/2023;15/10/2023;monthly
Andrés Maestre Piñol;jordioliver@example.net;+34 +34 842  00;01/03/2023;30/05/2023;quarterly
Celestina de Egea;cmaestre@example.com;+34 +34  93 2 9;18/06/2023;17/06/2024;annually
Aarón del Castelló;bernardojordan@example.com;+34 +34  92 7 8;20/10/2023;18/01/2024;quarterly
Juan Carlos Villena Frías;irma06@example.com;+34 +34  80 006;28/09/2023;27/12/2023;quarterly
Jenny de Olivera;luciana63@example.com;+34 +34  92 4 7;16/11/2023;16/12/2023;monthly
Fabio Sosa Montserrat;bhuerta@example.net;+34 +34 746  58;10/12/2023;09/12/2024;annually
Eutropio Sola;ramisperla@example.net;+34 +34  84 7 7;18/01/2023;17/02/2023;monthly
Curro Cabo Sebastián;beatriz87@example.net;+34 +34 947  29;01/03/2023;30/05/2023;quarterly
Olivia Montserrat Mora;aitor87@example.net;+34 +34  90 2 6;23/07/2023;22/08/2023;monthly
Victorino Collado Herranz;roldantrini@example.net;+34 +34 873  25;02/09/2023;01/09/2024;annually
Angélica Isa Aramburu Blanca;abraham79@example.org;+34 +34 921  00;04/05/2023;03/06/2023;monthly
Carla Brunilda Sancho Tomas;lfiguerola@example.com;+34 +34  92 3 5;14/05/2023;13/05/2024;annually
Adelardo Batalla Perez;juan-bautistaecheverria@example.org;+34 +34  94 949;22/05/2023;20/08/2023;quarterly
Socorro Diaz;mescudero@example.org;+34 +34 976 532;17/05/2023;16/06/2023;monthly
Silvestre Valenciano;alondra08@example.net;+34 +34  71 6 5;11/06/2023;11/07/2023;monthly
Quique de Toro;jeremias59@example.com;+34 +34 879  97;24/04/2023;24/05/2023;monthly
Borja Pascual;emperatrizsabater@example.org;+34 +34  88 702;21/08/2023;20/08/2024;annually
Domitila Benito Murcia;perlasanchez@example.net;+34 +34 844 072;28/07/2023;26/10/2023;quarterly
Américo Gibert Villalonga;giniesta@example.com;+34 +34  92 3 0;03/06/2023;01/09/2023;quarterly
Ciríaco Oliva Quintanilla;anselmaribas@example.com;+34 +34 975  33;05/10/2023;04/11/2023;monthly
Maxi Ochoa Salas;liliacanizares@example.com;+34 +34 900  58;15/02/2023;15/02/2024;annually
Aura Gimenez Franco;benaventtamara@example.net;+34 +34  92 2 6;21/05/2023;19/08/2023;quarterly
Ismael Seco Larrañaga;wilfredo54@example.org;+34 +34  98 4 1;18/10/2023;17/11/2023;monthly
Jovita Español Asenjo;visern@example.com;+34 +34 926 099;05/02/2023;05/02/2024;annually
Calisto Mulet Bustamante;diezvirgilio@example.net;+34 +34 849  42;16/04/2023;16/05/2023;monthly
Conrado Cánovas Tejero;silvahilda@example.net;+34 +34 826 746;17/12/2023;16/01/2024;monthly
Alejandro Barros Tomé;haromaria@example.net;+34 +34  97 3 7;27/06/2023;25/09/2023;quarterly
Teodoro Sanjuan Gómez;jrebollo@example.net;+34 +34 841 970;07/09/2023;07/10/2023;monthly
Hortensia Palacio Goicoechea;samuprat@example.com;+34 +34  82 223;25/02/2023;25/02/2024;annually
Galo Gonzalo-Ferrando;felicidad37@example.org;+34 +34 807 186;17/06/2023;15/09/2023;quarterly
Cayetana de Acero;yessicaescolano@example.net;+34 +34  94 1 0;14/02/2023;14/02/2024;annually
Guadalupe Alcalá Echevarría;morenojara@example.net;+34 +34  88 0 9;23/08/2023;21/11/2023;quarterly
Francisca Elvira Abad Pont;iagullo@example.com;+34 +34  98 139;08/04/2023;08/05/2023;monthly
Marta Luís Mancebo;armasleocadia@example.com;+34 +34  93 9 6;16/11/2023;16/12/2023;monthly
Emigdio Antúnez;tfrias@example.org;+34 +34 878 787;29/05/2023;27/08/2023;quarterly
Carmen Perez Arcos;moreraaroa@example.org;+34 +34  98 4 1;04/08/2023;02/11/2023;quarterly
Bienvenida Perales;gimenezgustavo@example.org;+34 +34  97 2 7;21/07/2023;19/10/2023;quarterly
Teodora Parra-Sanmartín;aurarodriguez@example.net;+34 +34 848  74;04/06/2023;02/09/2023;quarterly
Néstor Cerdán;bcasado@example.org;+34 +34  82 0 1;23/03/2023;22/04/2023;monthly
Fabricio Folch Pereira;candido16@example.com;+34 +34  98 076;02/12/2023;01/12/2024;annually
Ulises Morales Planas;ibilbao@example.com;+34 +34 984 217;30/04/2023;30/05/2023;monthly
Dan del Salgado;chaparrogregorio@example.org;+34 +34 901  95;01/08/2023;31/07/2024;annually
Ceferino Barba Valera;pulidoflora@example.com;+34 +34 849 140;03/09/2023;02/12/2023;quarterly
Eva María Arana Jaume;rcamacho@example.org;+34 +34  84 822;30/06/2023;29/06/2024;annually
Leonel de Barberá;taboadacurro@example.net;+34 +34 820  98;13/09/2023;13/10/2023;monthly
Eric del Crespo;dulcemanrique@example.com;+34 +34  88 1 7;02/08/2023;01/09/2023;monthly
Ruben Almeida Anglada;villajeremias@example.org;+34 +34 874  91;02/06/2023;31/08/2023;quarterly
Blas Andrade Enríquez;matias07@example.com;+34 +34  82 8 6;28/03/2023;27/03/2024;annually
Juan Pablo Salom Bravo;jonatan21@example.net;+34 +34  94 3 8;27/06/2023;25/09/2023;quarterly
Sabas Fabricio Páez Gomila;pallarescarolina@example.net;+34 +34 887 027;16/05/2023;15/06/2023;monthly
Teófila Bueno Jover;ursulafuentes@example.net;+34 +34 803 979;15/03/2023;14/04/2023;monthly
Cristian Ruiz Fernández;romatomasa@example.com;+34 +34  94 8 4;02/12/2023;01/01/2024;monthly
Alcides Andrés Ripoll;kduque@example.net;+34 +34 847 771;12/08/2023;10/11/2023;quarterly
Ale Solera Torrecilla;tolosavalentina@example.net;+34 +34 982  98;24/08/2023;23/08/2024;annually
Andrés Felipe Moraleda Cano;rpereira@example.org;+34 +34  92 1 7;10/04/2023;09/07/2023;quarterly
Natividad Barros Mateos;amilcarcarmona@example.org;+34 +34  97 2 8;19/06/2023;19/07/2023;monthly
Pedro Ordóñez Díaz;reyesvera@example.net;+34 +34  97 5 0;11/10/2023;10/10/2024;annually
Chus Feliu Llorente;silviacriado@example.net;+34 +34  94 181;09/12/2023;08/03/2024;quarterly
Ulises Monreal;angelitamarti@example.org;+34 +34  97 3 7;27/11/2023;27/12/2023;monthly
José María Horacio Mariscal Roselló;chamorroteresita@example.com;+34 +34  82 2 7;25/02/2023;27/03/2023;monthly
Edgardo de León;oscar88@example.org;+34 +34  98 330;28/09/2023;28/10/2023;monthly
